Staff,Shift,Day,Start,Duration,End,Bus_Compatible
1,S_122,0,15,8,23,False
1,S_370,1,46,8,54,False
1,S_698,3,87,8,95,False
1,S_890,4,111,8,119,False
1,S_1098,5,137,8,145,False
1,S_1272,6,160,8,168,False
2,S_2,0,0,8,8,False
2,S_210,1,26,8,34,False
2,S_562,2,70,8,78,False
2,S_794,4,99,8,107,False
2,S_986,5,123,8,131,False
2,S_1178,6,147,8,155,False
3,S_282,1,35,8,43,False
3,S_474,2,59,8,67,False
3,S_634,3,79,8,87,False
3,S_858,4,107,8,115,False
3,S_1018,5,127,8,135,False
3,S_1210,6,151,8,159,False
4,S_247,1,30,13,43,False
4,S_439,2,54,13,67,False
4,S_631,3,78,13,91,False
4,S_823,4,102,13,115,False
4,S_1015,5,126,13,139,False
4,S_1207,6,150,13,163,False
5,S_282,1,35,8,43,False
5,S_474,2,59,8,67,False
5,S_698,3,87,8,95,False
5,S_898,4,112,8,120,False
5,S_1090,5,136,8,144,False
5,S_1242,6,155,8,163,False
6,S_68,0,8,10,18,False
6,S_266,1,33,8,41,False
6,S_458,2,57,8,65,False
6,S_652,3,81,10,91,False
6,S_866,4,108,8,116,False
6,S_1075,5,134,9,143,False
7,S_62,0,7,12,19,False
7,S_374,1,46,12,58,False
7,S_616,3,77,6,83,False
7,S_745,3,93,7,100,False
7,S_837,4,104,11,115,False
7,S_1015,5,126,13,139,False
7,S_1192,6,149,6,155,False
7,S_1275,6,162,6,168,False
8,S_34,0,4,8,12,False
8,S_282,1,35,8,43,False
8,S_634,3,79,8,87,False
8,S_898,4,112,8,120,False
8,S_1098,5,137,8,145,False
8,S_1210,6,151,8,159,False
9,S_130,0,16,8,24,False
9,S_250,1,31,8,39,False
9,S_514,2,64,8,72,False
9,S_706,3,88,8,96,False
9,S_818,4,102,8,110,False
9,S_970,5,121,8,129,False
10,S_66,0,8,8,16,False
10,S_330,1,41,8,49,False
10,S_426,2,53,8,61,False
10,S_890,4,111,8,119,False
10,S_1018,5,127,8,135,False
10,S_1272,6,160,8,168,False
11,S_115,0,14,9,23,False
11,S_243,1,30,9,39,False
11,S_691,3,86,9,95,False
11,S_851,4,106,9,115,False
11,S_1075,5,134,9,143,False
11,S_1264,6,158,9,167,False
12,S_115,0,14,9,23,False
12,S_307,1,38,9,47,False
12,S_691,3,86,9,95,False
12,S_819,4,102,9,111,False
12,S_1050,5,131,8,139,False
12,S_1242,6,155,8,163,False
13,S_175,0,21,13,34,False
13,S_439,2,54,13,67,False
13,S_631,3,78,13,91,False
13,S_823,4,102,13,115,False
13,S_993,5,124,7,131,False
13,S_1096,5,137,6,143,False
13,S_1207,6,150,13,163,False
14,S_282,1,35,8,43,False
14,S_474,2,59,8,67,False
14,S_698,3,87,8,95,False
14,S_834,4,104,8,112,False
14,S_1098,5,137,8,145,False
14,S_1210,6,151,8,159,False
15,S_48,0,6,6,12,False
15,S_137,0,17,7,24,False
15,S_247,1,30,13,43,False
15,S_409,2,51,7,58,False
15,S_496,2,62,6,68,False
15,S_808,4,101,6,107,False
15,S_897,4,112,7,119,False
15,S_1000,5,125,6,131,False
15,S_1089,5,136,7,143,False
15,S_1176,6,147,6,153,False
15,S_1262,6,158,7,165,False
16,S_41,0,5,7,12,False
16,S_136,0,17,6,23,False
16,S_247,1,30,13,43,False
16,S_439,2,54,13,67,False
16,S_631,3,78,13,91,False
16,S_808,4,101,6,107,False
16,S_897,4,112,7,119,False
16,S_1015,5,126,13,139,False
17,S_66,0,8,8,16,False
17,S_450,2,56,8,64,False
17,S_746,3,93,8,101,False
17,S_890,4,111,8,119,False
17,S_1050,5,131,8,139,False
17,S_1210,6,151,8,159,False
18,S_62,0,7,12,19,False
18,S_232,1,29,6,35,False
18,S_336,1,42,6,48,False
18,S_684,3,85,10,95,False
18,S_851,4,106,9,115,False
18,S_1029,5,128,11,139,False
18,S_1192,6,149,6,155,False
18,S_1275,6,162,6,168,False
19,S_90,0,11,8,19,False
19,S_450,2,56,8,64,False
19,S_698,3,87,8,95,False
19,S_834,4,104,8,112,False
19,S_1018,5,127,8,135,False
19,S_1210,6,151,8,159,False
20,S_62,0,7,12,19,False
20,S_232,1,29,6,35,False
20,S_336,1,42,6,48,False
20,S_439,2,54,13,67,False
20,S_631,3,78,13,91,False
20,S_816,4,102,6,108,False
20,S_936,4,117,6,123,False
20,S_1022,5,127,12,139,False
21,S_314,1,39,8,47,False
21,S_506,2,63,8,71,False
21,S_698,3,87,8,95,False
21,S_834,4,104,8,112,False
21,S_1074,5,134,8,142,False
21,S_1242,6,155,8,163,False
22,S_247,1,30,13,43,False
22,S_439,2,54,13,67,False
22,S_631,3,78,13,91,False
22,S_808,4,101,6,107,False
22,S_897,4,112,7,119,False
22,S_1015,5,126,13,139,False
22,S_1207,6,150,13,163,False
23,S_115,0,14,9,23,False
23,S_307,1,38,9,47,False
23,S_499,2,62,9,71,False
23,S_819,4,102,9,111,False
23,S_1075,5,134,9,143,False
23,S_1264,6,158,9,167,False
24,S_116,0,14,10,24,False
24,S_300,1,37,10,47,False
24,S_432,2,54,6,60,False
24,S_552,2,69,6,75,False
24,S_851,4,106,9,115,False
24,S_1036,5,129,10,139,False
24,S_1264,6,158,9,167,False
25,S_115,0,14,9,23,False
25,S_451,2,56,9,65,False
25,S_627,3,78,9,87,False
25,S_851,4,106,9,115,False
25,S_1075,5,134,9,143,False
25,S_1264,6,158,9,167,False
26,S_314,1,39,8,47,False
26,S_426,2,53,8,61,False
26,S_706,3,88,8,96,False
26,S_882,4,110,8,118,False
26,S_1042,5,130,8,138,False
26,S_1162,6,145,8,153,False
27,S_34,0,4,8,12,False
27,S_218,1,27,8,35,False
27,S_594,3,74,8,82,False
27,S_794,4,99,8,107,False
27,S_1002,5,125,8,133,False
27,S_1268,6,159,8,167,False
28,S_122,0,15,8,23,False
28,S_506,2,63,8,71,False
28,S_698,3,87,8,95,False
28,S_890,4,111,8,119,False
28,S_1090,5,136,8,144,False
28,S_1242,6,155,8,163,False
29,S_90,0,11,8,19,False
29,S_506,2,63,8,71,False
29,S_698,3,87,8,95,False
29,S_819,4,102,9,111,False
29,S_986,5,123,8,131,False
29,S_1242,6,155,8,163,False
30,S_116,0,14,10,24,False
30,S_500,2,62,10,72,False
30,S_684,3,85,10,95,False
30,S_883,4,110,9,119,False
30,S_1029,5,128,11,139,False
30,S_1264,6,158,9,167,False
31,S_282,1,35,8,43,False
31,S_450,2,56,8,64,False
31,S_698,3,87,8,95,False
31,S_858,4,107,8,115,False
31,S_1050,5,131,8,139,False
31,S_1242,6,155,8,163,False
32,S_258,1,32,8,40,False
32,S_474,2,59,8,67,False
32,S_634,3,79,8,87,False
32,S_898,4,112,8,120,False
32,S_1018,5,127,8,135,False
32,S_1242,6,155,8,163,False
33,S_307,1,38,9,47,False
33,S_499,2,62,9,71,False
33,S_691,3,86,9,95,False
33,S_851,4,106,9,115,False
33,S_1075,5,134,9,143,False
33,S_1264,6,158,9,167,False
34,S_41,0,5,7,12,False
34,S_136,0,17,6,23,False
34,S_232,1,29,6,35,False
34,S_329,1,41,7,48,False
34,S_439,2,54,13,67,False
34,S_616,3,77,6,83,False
34,S_712,3,89,6,95,False
34,S_823,4,102,13,115,False
34,S_993,5,124,7,131,False
34,S_1128,5,141,6,147,False
35,S_307,1,38,9,47,False
35,S_499,2,62,9,71,False
35,S_627,3,78,9,87,False
35,S_851,4,106,9,115,False
35,S_1075,5,134,9,143,False
35,S_1264,6,158,9,167,False
36,S_66,0,8,8,16,False
36,S_498,2,62,8,70,False
36,S_698,3,87,8,95,False
36,S_890,4,111,8,119,False
36,S_1050,5,131,8,139,False
36,S_1242,6,155,8,163,False
37,S_3,0,0,9,9,False
37,S_266,1,33,8,41,False
37,S_650,3,81,8,89,False
37,S_882,4,110,8,118,False
37,S_1042,5,130,8,138,False
37,S_1263,6,158,8,166,False
38,S_122,0,15,8,23,False
38,S_498,2,62,8,70,False
38,S_634,3,79,8,87,False
38,S_890,4,111,8,119,False
38,S_1018,5,127,8,135,False
38,S_1210,6,151,8,159,False
39,S_90,0,11,8,19,False
39,S_474,2,59,8,67,False
39,S_698,3,87,8,95,False
39,S_858,4,107,8,115,False
39,S_1074,5,134,8,142,False
39,S_1210,6,151,8,159,False
40,S_115,0,14,9,23,False
40,S_307,1,38,9,47,False
40,S_691,3,86,9,95,False
40,S_819,4,102,9,111,False
40,S_1075,5,134,9,143,False
40,S_1264,6,158,9,167,False
41,S_122,0,15,8,23,False
41,S_498,2,62,8,70,False
41,S_658,3,82,8,90,False
41,S_898,4,112,8,120,False
41,S_1090,5,136,8,144,False
41,S_1210,6,151,8,159,False
42,S_300,1,37,10,47,False
42,S_451,2,56,9,65,False
42,S_627,3,78,9,87,False
42,S_883,4,110,9,119,False
42,S_1075,5,134,9,143,False
42,S_1264,6,158,9,167,False
43,S_178,0,22,8,30,False
43,S_426,2,53,8,61,False
43,S_754,3,94,8,102,False
43,S_882,4,110,8,118,False
43,S_986,5,123,8,131,False
43,S_1162,6,145,8,153,False
44,S_2,0,0,8,8,False
44,S_314,1,39,8,47,False
44,S_562,2,70,8,78,False
44,S_890,4,111,8,119,False
44,S_1090,5,136,8,144,False
44,S_1272,6,160,8,168,False
45,S_62,0,7,12,19,False
45,S_432,2,54,6,60,False
45,S_528,2,66,6,72,False
45,S_616,3,77,6,83,False
45,S_712,3,89,6,95,False
45,S_823,4,102,13,115,False
45,S_1015,5,126,13,139,False
45,S_1214,6,151,12,163,False
46,S_90,0,11,8,19,False
46,S_258,1,32,8,40,False
46,S_499,2,62,9,71,False
46,S_883,4,110,9,119,False
46,S_1075,5,134,9,143,False
46,S_1242,6,155,8,163,False
47,S_307,1,38,9,47,False
47,S_499,2,62,9,71,False
47,S_691,3,86,9,95,False
47,S_819,4,102,9,111,False
47,S_1074,5,134,8,142,False
47,S_1242,6,155,8,163,False
48,S_62,0,7,12,19,False
48,S_301,1,37,11,48,False
48,S_500,2,62,10,72,False
48,S_631,3,78,13,91,False
48,S_883,4,110,9,119,False
48,S_1015,5,126,13,139,False
49,S_68,0,8,10,18,False
49,S_371,1,46,9,55,False
49,S_755,3,94,9,103,False
49,S_882,4,110,8,118,False
49,S_1002,5,125,8,133,False
49,S_1218,6,152,8,160,False
50,S_2,0,0,8,8,False
50,S_450,2,56,8,64,False
50,S_746,3,93,8,101,False
50,S_914,4,114,8,122,False
50,S_1098,5,137,8,145,False
50,S_1210,6,151,8,159,False
51,S_138,0,17,8,25,False
51,S_330,1,41,8,49,False
51,S_530,2,66,8,74,False
51,S_898,4,112,8,120,False
51,S_1074,5,134,8,142,False
51,S_1272,6,160,8,168,False
52,S_66,0,8,8,16,False
52,S_506,2,63,8,71,False
52,S_658,3,82,8,90,False
52,S_858,4,107,8,115,False
52,S_1050,5,131,8,139,False
52,S_1242,6,155,8,163,False
53,S_115,0,14,9,23,False
53,S_307,1,38,9,47,False
53,S_691,3,86,9,95,False
53,S_819,4,102,9,111,False
53,S_1075,5,134,9,143,False
53,S_1264,6,158,9,167,False
54,S_115,0,14,9,23,False
54,S_243,1,30,9,39,False
54,S_691,3,86,9,95,False
54,S_883,4,110,9,119,False
54,S_1036,5,129,10,139,False
54,S_1264,6,158,9,167,False
55,S_62,0,7,12,19,False
55,S_247,1,30,13,43,False
55,S_424,2,53,6,59,False
55,S_552,2,69,6,75,False
55,S_833,4,104,7,111,False
55,S_936,4,117,6,123,False
55,S_1022,5,127,12,139,False
55,S_1177,6,147,7,154,False
55,S_1261,6,158,6,164,False
56,S_115,0,14,9,23,False
56,S_307,1,38,9,47,False
56,S_627,3,78,9,87,False
56,S_851,4,106,9,115,False
56,S_1075,5,134,9,143,False
56,S_1264,6,158,9,167,False
57,S_282,1,35,8,43,False
57,S_506,2,63,8,71,False
57,S_658,3,82,8,90,False
57,S_883,4,110,9,119,False
57,S_1074,5,134,8,142,False
57,S_1210,6,151,8,159,False
58,S_62,0,7,12,19,False
58,S_232,1,29,6,35,False
58,S_336,1,42,6,48,False
58,S_616,3,77,6,83,False
58,S_712,3,89,6,95,False
58,S_808,4,101,6,107,False
58,S_936,4,117,6,123,False
58,S_1029,5,128,11,139,False
58,S_1265,6,158,10,168,False
59,S_90,0,11,8,19,False
59,S_474,2,59,8,67,False
59,S_698,3,87,8,95,False
59,S_858,4,107,8,115,False
59,S_1050,5,131,8,139,False
59,S_1242,6,155,8,163,False
60,S_122,0,15,8,23,False
60,S_314,1,39,8,47,False
60,S_426,2,53,8,61,False
60,S_890,4,111,8,119,False
60,S_1082,5,135,8,143,False
60,S_1268,6,159,8,167,False
61,S_42,0,5,8,13,False
61,S_234,1,29,8,37,False
61,S_562,2,70,8,78,False
61,S_754,3,94,8,102,False
61,S_1002,5,125,8,133,False
61,S_1194,6,149,8,157,False
62,S_54,0,6,12,18,False
62,S_224,1,28,6,34,False
62,S_304,1,38,6,44,False
62,S_616,3,77,6,83,False
62,S_712,3,89,6,95,False
62,S_808,4,101,6,107,False
62,S_904,4,113,6,119,False
62,S_984,5,123,6,129,False
62,S_1064,5,133,6,139,False
62,S_1207,6,150,13,163,False
63,S_55,0,6,13,19,False
63,S_247,1,30,13,43,False
63,S_439,2,54,13,67,False
63,S_808,4,101,6,107,False
63,S_897,4,112,7,119,False
63,S_1015,5,126,13,139,False
63,S_1207,6,150,13,163,False
64,S_51,0,6,9,15,False
64,S_499,2,62,9,71,False
64,S_627,3,78,9,87,False
64,S_819,4,102,9,111,False
64,S_1011,5,126,9,135,False
64,S_1264,6,158,9,167,False
65,S_58,0,7,8,15,False
65,S_250,1,31,8,39,False
65,S_506,2,63,8,71,False
65,S_698,3,87,8,95,False
65,S_858,4,107,8,115,False
65,S_1042,5,130,8,138,False
66,S_115,0,14,9,23,False
66,S_307,1,38,9,47,False
66,S_499,2,62,9,71,False
66,S_819,4,102,9,111,False
66,S_1011,5,126,9,135,False
66,S_1204,6,150,10,160,False
67,S_122,0,15,8,23,False
67,S_314,1,39,8,47,False
67,S_698,3,87,8,95,False
67,S_826,4,103,8,111,False
67,S_1082,5,135,8,143,False
67,S_1264,6,158,9,167,False
68,S_224,1,28,6,34,False
68,S_304,1,38,6,44,False
68,S_439,2,54,13,67,False
68,S_630,3,78,12,90,False
68,S_808,4,101,6,107,False
68,S_897,4,112,7,119,False
68,S_984,5,123,6,129,False
68,S_1064,5,133,6,139,False
68,S_1207,6,150,13,163,False
69,S_122,0,15,8,23,False
69,S_250,1,31,8,39,False
69,S_698,3,87,8,95,False
69,S_826,4,103,8,111,False
69,S_1074,5,134,8,142,False
69,S_1235,6,154,9,163,False
70,S_54,0,6,12,18,False
70,S_240,1,30,6,36,False
70,S_328,1,41,6,47,False
70,S_439,2,54,13,67,False
70,S_808,4,101,6,107,False
70,S_897,4,112,7,119,False
70,S_984,5,123,6,129,False
70,S_1064,5,133,6,139,False
70,S_1207,6,150,13,163,False
71,S_42,0,5,8,13,False
71,S_426,2,53,8,61,False
71,S_754,3,94,8,102,False
71,S_890,4,111,8,119,False
71,S_1002,5,125,8,133,False
71,S_1194,6,149,8,157,False
72,S_178,0,22,8,30,False
72,S_314,1,39,8,47,False
72,S_506,2,63,8,71,False
72,S_618,3,77,8,85,False
72,S_1082,5,135,8,143,False
72,S_1268,6,159,8,167,False
73,S_122,0,15,8,23,False
73,S_314,1,39,8,47,False
73,S_698,3,87,8,95,False
73,S_858,4,107,8,115,False
73,S_1082,5,135,8,143,False
73,S_1264,6,158,9,167,False
74,S_115,0,14,9,23,False
74,S_437,2,54,11,65,False
74,S_644,3,80,10,90,False
74,S_883,4,110,9,119,False
74,S_1075,5,134,9,143,False
74,S_1207,6,150,13,163,False
75,S_90,0,11,8,19,False
75,S_250,1,31,8,39,False
75,S_698,3,87,8,95,False
75,S_858,4,107,8,115,False
75,S_1042,5,130,8,138,False
75,S_1264,6,158,9,167,False
76,S_224,1,28,6,34,False
76,S_304,1,38,6,44,False
76,S_439,2,54,13,67,False
76,S_630,3,78,12,90,False
76,S_823,4,102,13,115,False
76,S_1015,5,126,13,139,False
76,S_1207,6,150,13,163,False
77,S_115,0,14,9,23,False
77,S_499,2,62,9,71,False
77,S_691,3,86,9,95,False
77,S_883,4,110,9,119,False
77,S_1075,5,134,9,143,False
77,S_1264,6,158,9,167,False
78,S_250,1,31,8,39,False
78,S_490,2,61,8,69,False
78,S_618,3,77,8,85,False
78,S_882,4,110,8,118,False
78,S_1018,5,127,8,135,False
78,S_1218,6,152,8,160,False
79,S_106,0,13,8,21,False
79,S_234,1,29,8,37,False
79,S_506,2,63,8,71,False
79,S_666,3,83,8,91,False
79,S_890,4,111,8,119,False
79,S_1082,5,135,8,143,False
80,S_42,0,5,8,13,False
80,S_418,2,52,8,60,False
80,S_698,3,87,8,95,False
80,S_810,4,101,8,109,False
80,S_1002,5,125,8,133,False
80,S_1268,6,159,8,167,False
81,S_122,0,15,8,23,False
81,S_314,1,39,8,47,False
81,S_666,3,83,8,91,False
81,S_874,4,109,8,117,False
81,S_1018,5,127,8,135,False
81,S_1194,6,149,8,157,False
82,S_40,0,5,6,11,False
82,S_136,0,17,6,23,False
82,S_240,1,30,6,36,False
82,S_328,1,41,6,47,False
82,S_408,2,51,6,57,False
82,S_488,2,61,6,67,False
82,S_792,4,99,6,105,False
82,S_872,4,109,6,115,False
82,S_1000,5,125,6,131,False
82,S_1089,5,136,7,143,False
82,S_1184,6,148,6,154,False
82,S_1261,6,158,6,164,False
83,S_115,0,14,9,23,False
83,S_499,2,62,9,71,False
83,S_691,3,86,9,95,False
83,S_819,4,102,9,111,False
83,S_1011,5,126,9,135,False
83,S_1264,6,158,9,167,False
84,S_115,0,14,9,23,False
84,S_499,2,62,9,71,False
84,S_627,3,78,9,87,False
84,S_883,4,110,9,119,False
84,S_1011,5,126,9,135,False
84,S_1228,6,153,10,163,False
85,S_90,0,11,8,19,False
85,S_282,1,35,8,43,False
85,S_691,3,86,9,95,False
85,S_883,4,110,9,119,False
85,S_1011,5,126,9,135,False
85,S_1264,6,158,9,167,False
86,S_122,0,15,8,23,False
86,S_314,1,39,8,47,False
86,S_450,2,56,8,64,False
86,S_682,3,85,8,93,False
86,S_858,4,107,8,115,False
86,S_1082,5,135,8,143,False
87,S_58,0,7,8,15,False
87,S_282,1,35,8,43,False
87,S_450,2,56,8,64,False
87,S_618,3,77,8,85,False
87,S_826,4,103,8,111,False
87,S_1082,5,135,8,143,False
88,S_75,0,9,9,18,False
88,S_268,1,33,10,43,False
88,S_467,2,58,9,67,False
88,S_800,4,100,6,106,False
88,S_880,4,110,6,116,False
88,S_1027,5,128,9,137,False
88,S_1184,6,148,6,154,False
88,S_1261,6,158,6,164,False
89,S_122,0,15,8,23,False
89,S_314,1,39,8,47,False
89,S_691,3,86,9,95,False
89,S_883,4,110,9,119,False
89,S_1075,5,134,9,143,False
89,S_1264,6,158,9,167,False
90,S_122,0,15,8,23,False
90,S_314,1,39,8,47,False
90,S_506,2,63,8,71,False
90,S_618,3,77,8,85,False
90,S_826,4,103,8,111,False
90,S_1074,5,134,8,142,False
91,S_267,1,33,9,42,False
91,S_467,2,58,9,67,False
91,S_666,3,83,8,91,False
91,S_819,4,102,9,111,False
91,S_1043,5,130,9,139,False
91,S_1203,6,150,9,159,False
92,S_243,1,30,9,39,False
92,S_499,2,62,9,71,False
92,S_644,3,80,10,90,False
92,S_883,4,110,9,119,False
92,S_1075,5,134,9,143,False
92,S_1207,6,150,13,163,False
93,S_282,1,35,8,43,False
93,S_499,2,62,9,71,False
93,S_627,3,78,9,87,False
93,S_819,4,102,9,111,False
93,S_1075,5,134,9,143,False
93,S_1264,6,158,9,167,False
94,S_106,0,13,8,21,False
94,S_482,2,60,8,68,False
94,S_634,3,79,8,87,False
94,S_882,4,110,8,118,False
94,S_1018,5,127,8,135,False
94,S_1203,6,150,9,159,False
95,S_34,0,4,8,12,False
95,S_314,1,39,8,47,False
95,S_506,2,63,8,71,False
95,S_618,3,77,8,85,False
95,S_1082,5,135,8,143,False
95,S_1268,6,159,8,167,False
96,S_178,0,22,8,30,False
96,S_426,2,53,8,61,False
96,S_754,3,94,8,102,False
96,S_890,4,111,8,119,False
96,S_1002,5,125,8,133,False
96,S_1194,6,149,8,157,False
97,S_240,1,30,6,36,False
97,S_328,1,41,6,47,False
97,S_439,2,54,13,67,False
97,S_630,3,78,12,90,False
97,S_823,4,102,13,115,False
97,S_984,5,123,6,129,False
97,S_1064,5,133,6,139,False
97,S_1207,6,150,13,163,False
98,S_58,0,7,8,15,False
98,S_314,1,39,8,47,False
98,S_698,3,87,8,95,False
98,S_858,4,107,8,115,False
98,S_1082,5,135,8,143,False
98,S_1264,6,158,9,167,False
99,S_51,0,6,9,15,False
99,S_499,2,62,9,71,False
99,S_627,3,78,9,87,False
99,S_819,4,102,9,111,False
99,S_1011,5,126,9,135,False
99,S_1264,6,158,9,167,False
100,S_314,1,39,8,47,False
100,S_499,2,62,9,71,False
100,S_691,3,86,9,95,False
100,S_883,4,110,9,119,False
100,S_1075,5,134,9,143,False
100,S_1264,6,158,9,167,False
101,S_307,1,38,9,47,False
101,S_499,2,62,9,71,False
101,S_691,3,86,9,95,False
101,S_883,4,110,9,119,False
101,S_1075,5,134,9,143,False
101,S_1204,6,150,10,160,False
102,S_51,0,6,9,15,False
102,S_243,1,30,9,39,False
102,S_627,3,78,9,87,False
102,S_819,4,102,9,111,False
102,S_1011,5,126,9,135,False
102,S_1204,6,150,10,160,False
103,S_298,1,37,8,45,False
103,S_466,2,58,8,66,False
103,S_666,3,83,8,91,False
103,S_874,4,109,8,117,False
103,S_1027,5,128,9,137,False
103,S_1203,6,150,9,159,False
104,S_58,0,7,8,15,False
104,S_250,1,31,8,39,False
104,S_450,2,56,8,64,False
104,S_698,3,87,8,95,False
104,S_858,4,107,8,115,False
104,S_1042,5,130,8,138,False
105,S_178,0,22,8,30,False
105,S_314,1,39,8,47,False
105,S_562,2,70,8,78,False
105,S_802,4,100,8,108,False
105,S_1002,5,125,8,133,False
105,S_1194,6,149,8,157,False
106,S_34,0,4,8,12,False
106,S_426,2,53,8,61,False
106,S_698,3,87,8,95,False
106,S_890,4,111,8,119,False
106,S_1082,5,135,8,143,False
106,S_1268,6,159,8,167,False
107,S_115,0,14,9,23,False
107,S_499,2,62,9,71,False
107,S_691,3,86,9,95,False
107,S_883,4,110,9,119,False
107,S_1075,5,134,9,143,False
107,S_1204,6,150,10,160,False
108,S_122,0,15,8,23,False
108,S_314,1,39,8,47,False
108,S_426,2,53,8,61,False
108,S_682,3,85,8,93,False
108,S_890,4,111,8,119,False
108,S_1082,5,135,8,143,False
109,S_32,0,4,6,10,False
109,S_112,0,14,6,20,False
109,S_439,2,54,13,67,False
109,S_630,3,78,12,90,False
109,S_808,4,101,6,107,False
109,S_897,4,112,7,119,False
109,S_984,5,123,6,129,False
109,S_1064,5,133,6,139,False
109,S_1207,6,150,13,163,False
110,S_224,1,28,6,34,False
110,S_304,1,38,6,44,False
110,S_439,2,54,13,67,False
110,S_616,3,77,6,83,False
110,S_712,3,89,6,95,False
110,S_823,4,102,13,115,False
110,S_1015,5,126,13,139,False
110,S_1207,6,150,13,163,False
111,S_115,0,14,9,23,False
111,S_499,2,62,9,71,False
111,S_691,3,86,9,95,False
111,S_883,4,110,9,119,False
111,S_1075,5,134,9,143,False
111,S_1264,6,158,9,167,False
112,S_90,0,11,8,19,False
112,S_282,1,35,8,43,False
112,S_691,3,86,9,95,False
112,S_858,4,107,8,115,False
112,S_1075,5,134,9,143,False
112,S_1264,6,158,9,167,False
113,S_250,1,31,8,39,False
113,S_435,2,54,9,63,False
113,S_627,3,78,9,87,False
113,S_883,4,110,9,119,False
113,S_1075,5,134,9,143,False
113,S_1264,6,158,9,167,False
114,S_58,0,7,8,15,False
114,S_250,1,31,8,39,False
114,S_426,2,53,8,61,False
114,S_682,3,85,8,93,False
114,S_890,4,111,8,119,False
114,S_1042,5,130,8,138,False
115,S_122,0,15,8,23,False
115,S_314,1,39,8,47,False
115,S_506,2,63,8,71,False
115,S_698,3,87,8,95,False
115,S_890,4,111,8,119,False
115,S_1042,5,130,8,138,False
116,S_58,0,7,8,15,False
116,S_282,1,35,8,43,False
116,S_682,3,85,8,93,False
116,S_826,4,103,8,111,False
116,S_1082,5,135,8,143,False
116,S_1264,6,158,9,167,False
117,S_115,0,14,9,23,False
117,S_243,1,30,9,39,False
117,S_644,3,80,10,90,False
117,S_819,4,102,9,111,False
117,S_1043,5,130,9,139,False
117,S_1207,6,150,13,163,False
118,S_32,0,4,6,10,False
118,S_112,0,14,6,20,False
118,S_439,2,54,13,67,False
118,S_616,3,77,6,83,False
118,S_712,3,89,6,95,False
118,S_808,4,101,6,107,False
118,S_897,4,112,7,119,False
118,S_1015,5,126,13,139,False
118,S_1207,6,150,13,163,False
119,S_58,0,7,8,15,False
119,S_314,1,39,8,47,False
119,S_450,2,56,8,64,False
119,S_682,3,85,8,93,False
119,S_858,4,107,8,115,False
119,S_1074,5,134,8,142,False
120,S_314,1,39,8,47,False
120,S_499,2,62,9,71,False
120,S_627,3,78,9,87,False
120,S_883,4,110,9,119,False
120,S_1011,5,126,9,135,False
120,S_1264,6,158,9,167,False
121,S_122,0,15,8,23,False
121,S_474,2,59,8,67,False
121,S_698,3,87,8,95,False
121,S_890,4,111,8,119,False
121,S_1082,5,135,8,143,False
121,S_1242,6,155,8,163,False
122,S_314,1,39,8,47,False
122,S_506,2,63,8,71,False
122,S_698,3,87,8,95,False
122,S_858,4,107,8,115,False
122,S_1042,5,130,8,138,False
122,S_1272,6,160,8,168,False
123,S_282,1,35,8,43,False
123,S_474,2,59,8,67,False
123,S_698,3,87,8,95,False
123,S_890,4,111,8,119,False
123,S_1082,5,135,8,143,False
123,S_1263,6,158,8,166,False
124,S_55,0,6,13,19,False
124,S_232,1,29,6,35,False
124,S_328,1,41,6,47,False
124,S_416,2,52,6,58,False
124,S_497,2,62,7,69,False
124,S_638,3,79,12,91,False
124,S_830,4,103,12,115,False
124,S_1069,5,133,11,144,False
125,S_119,0,14,13,27,False
125,S_471,2,58,13,71,False
125,S_601,3,75,7,82,False
125,S_712,3,89,6,95,False
125,S_856,4,107,6,113,False
125,S_937,4,117,7,124,False
125,S_1069,5,133,11,144,False
125,S_1254,6,156,12,168,False
126,S_55,0,6,13,19,False
126,S_279,1,34,13,47,False
126,S_424,2,53,6,59,False
126,S_513,2,64,7,71,False
126,S_855,4,106,13,119,False
126,S_1079,5,134,13,147,False
126,S_1239,6,154,13,167,False
127,S_119,0,14,13,27,False
127,S_254,1,31,12,43,False
127,S_638,3,79,12,91,False
127,S_830,4,103,12,115,False
127,S_1021,5,127,11,138,False
127,S_1184,6,148,6,154,False
127,S_1261,6,158,6,164,False
128,S_217,1,27,7,34,False
128,S_304,1,38,6,44,False
128,S_471,2,58,13,71,False
128,S_649,3,81,7,88,False
128,S_736,3,92,6,98,False
128,S_823,4,102,13,115,False
128,S_1015,5,126,13,139,False
128,S_1207,6,150,13,163,False
129,S_71,0,8,13,21,False
129,S_439,2,54,13,67,False
129,S_671,3,83,13,96,False
129,S_855,4,106,13,119,False
129,S_1015,5,126,13,139,False
129,S_1239,6,154,13,167,False
130,S_55,0,6,13,19,False
130,S_254,1,31,12,43,False
130,S_638,3,79,12,91,False
130,S_830,4,103,12,115,False
130,S_1069,5,133,11,144,False
130,S_1184,6,148,6,154,False
130,S_1261,6,158,6,164,False
131,S_287,1,35,13,48,False
131,S_503,2,62,13,75,False
131,S_649,3,81,7,88,False
131,S_736,3,92,6,98,False
131,S_863,4,107,13,120,False
131,S_1047,5,130,13,143,False
131,S_1207,6,150,13,163,False
132,S_41,0,5,7,12,False
132,S_136,0,17,6,23,False
132,S_247,1,30,13,43,False
132,S_471,2,58,13,71,False
132,S_800,4,100,6,106,False
132,S_881,4,110,7,117,False
132,S_1015,5,126,13,139,False
132,S_1199,6,149,13,162,False
133,S_218,1,27,8,35,False
133,S_394,2,49,8,57,False
133,S_634,3,79,8,87,False
133,S_786,4,98,8,106,False
133,S_1074,5,134,8,142,False
133,S_1272,6,160,8,168,False
134,S_122,0,15,8,23,False
134,S_474,2,59,8,67,False
134,S_698,3,87,8,95,False
134,S_890,4,111,8,119,False
134,S_1082,5,135,8,143,False
134,S_1242,6,155,8,163,False
135,S_95,0,11,13,24,False
135,S_247,1,30,13,43,False
135,S_616,3,77,6,83,False
135,S_705,3,88,7,95,False
135,S_808,4,101,6,107,False
135,S_897,4,112,7,119,False
135,S_1022,5,127,12,139,False
135,S_1207,6,150,13,163,False
136,S_55,0,6,13,19,False
136,S_217,1,27,7,34,False
136,S_304,1,38,6,44,False
136,S_439,2,54,13,67,False
136,S_856,4,107,6,113,False
136,S_937,4,117,7,124,False
136,S_1047,5,130,13,143,False
136,S_1207,6,150,13,163,False
137,S_55,0,6,13,19,False
137,S_311,1,38,13,51,False
137,S_479,2,59,13,72,False
137,S_638,3,79,12,91,False
137,S_809,4,101,7,108,False
137,S_896,4,112,6,118,False
137,S_1239,6,154,13,167,False
138,S_40,0,5,6,11,False
138,S_129,0,16,7,23,False
138,S_439,2,54,13,67,False
138,S_687,3,85,13,98,False
138,S_855,4,106,13,119,False
138,S_1016,5,127,6,133,False
138,S_1097,5,137,7,144,False
138,S_1239,6,154,13,167,False
139,S_1,0,0,7,7,False
139,S_104,0,13,6,19,False
139,S_424,2,53,6,59,False
139,S_513,2,64,7,71,False
139,S_616,3,77,6,83,False
139,S_705,3,88,7,95,False
139,S_793,4,99,7,106,False
139,S_880,4,110,6,116,False
139,S_992,5,124,6,130,False
139,S_1097,5,137,7,144,False
139,S_1199,6,149,13,162,False
140,S_55,0,6,13,19,False
140,S_424,2,53,6,59,False
140,S_513,2,64,7,71,False
140,S_671,3,83,13,96,False
140,S_800,4,100,6,106,False
140,S_881,4,110,7,117,False
140,S_1022,5,127,12,139,False
140,S_1199,6,149,13,162,False
141,S_71,0,8,13,21,False
141,S_279,1,34,13,47,False
141,S_471,2,58,13,71,False
141,S_616,3,77,6,83,False
141,S_705,3,88,7,95,False
141,S_800,4,100,6,106,False
141,S_881,4,110,7,117,False
141,S_992,5,124,6,130,False
141,S_1081,5,135,7,142,False
142,S_0,0,0,6,6,False
142,S_113,0,14,7,21,False
142,S_217,1,27,7,34,False
142,S_328,1,41,6,47,False
142,S_503,2,62,13,75,False
142,S_816,4,102,6,108,False
142,S_937,4,117,7,124,False
142,S_1079,5,134,13,147,False
142,S_1239,6,154,13,167,False
143,S_122,0,15,8,23,False
143,S_314,1,39,8,47,False
143,S_698,3,87,8,95,False
143,S_890,4,111,8,119,False
143,S_1082,5,135,8,143,False
143,S_1272,6,160,8,168,False
144,S_2,0,0,8,8,False
144,S_506,2,63,8,71,False
144,S_690,3,86,8,94,False
144,S_786,4,98,8,106,False
144,S_1082,5,135,8,143,False
144,S_1178,6,147,8,155,False
145,S_25,0,3,7,10,False
145,S_136,0,17,6,23,False
145,S_224,1,28,6,34,False
145,S_305,1,38,7,45,False
145,S_408,2,51,6,57,False
145,S_497,2,62,7,69,False
145,S_793,4,99,7,106,False
145,S_880,4,110,6,116,False
145,S_999,5,124,13,137,False
145,S_1177,6,147,7,154,False
145,S_1273,6,161,6,167,False
146,S_287,1,35,13,48,False
146,S_439,2,54,13,67,False
146,S_679,3,84,13,97,False
146,S_855,4,106,13,119,False
146,S_999,5,124,13,137,False
146,S_1221,6,152,11,163,False
147,S_119,0,14,13,27,False
147,S_279,1,34,13,47,False
147,S_664,3,83,6,89,False
147,S_745,3,93,7,100,False
147,S_856,4,107,6,113,False
147,S_937,4,117,7,124,False
147,S_1079,5,134,13,147,False
147,S_1239,6,154,13,167,False
148,S_279,1,34,13,47,False
148,S_409,2,51,7,58,False
148,S_560,2,70,6,76,False
148,S_663,3,82,13,95,False
148,S_855,4,106,13,119,False
148,S_1015,5,126,13,139,False
148,S_1239,6,154,13,167,False
149,S_62,0,7,12,19,False
149,S_254,1,31,12,43,False
149,S_638,3,79,12,91,False
149,S_830,4,103,12,115,False
149,S_1069,5,133,11,144,False
149,S_1214,6,151,12,163,False
150,S_55,0,6,13,19,False
150,S_232,1,29,6,35,False
150,S_329,1,41,7,48,False
150,S_424,2,53,6,59,False
150,S_521,2,65,7,72,False
150,S_649,3,81,7,88,False
150,S_736,3,92,6,98,False
150,S_823,4,102,13,115,False
150,S_1047,5,130,13,143,False
151,S_66,0,8,8,16,False
151,S_330,1,41,8,49,False
151,S_738,3,92,8,100,False
151,S_890,4,111,8,119,False
151,S_1082,5,135,8,143,False
151,S_1272,6,160,8,168,False
152,S_162,0,20,8,28,False
152,S_546,2,68,8,76,False
152,S_698,3,87,8,95,False
152,S_938,4,117,8,125,False
152,S_1122,5,140,8,148,False
152,S_1263,6,158,8,166,False
153,S_110,0,13,12,25,False
153,S_446,2,55,12,67,False
153,S_608,3,76,6,82,False
153,S_689,3,86,7,93,False
153,S_830,4,103,12,115,False
153,S_1021,5,127,11,138,False
153,S_1221,6,152,11,163,False
154,S_287,1,35,13,48,False
154,S_416,2,52,6,58,False
154,S_497,2,62,7,69,False
154,S_671,3,83,13,96,False
154,S_855,4,106,13,119,False
154,S_1047,5,130,13,143,False
154,S_1207,6,150,13,163,False
155,S_71,0,8,13,21,False
155,S_295,1,36,13,49,False
155,S_631,3,78,13,91,False
155,S_855,4,106,13,119,False
155,S_1047,5,130,13,143,False
155,S_1207,6,150,13,163,False
156,S_48,0,6,6,12,False
156,S_129,0,16,7,23,False
156,S_439,2,54,13,67,False
156,S_663,3,82,13,95,False
156,S_863,4,107,13,120,False
156,S_1000,5,125,6,131,False
156,S_1081,5,135,7,142,False
156,S_1239,6,154,13,167,False
157,S_247,1,30,13,43,False
157,S_479,2,59,13,72,False
157,S_616,3,77,6,83,False
157,S_697,3,87,7,94,False
157,S_816,4,102,6,108,False
157,S_897,4,112,7,119,False
157,S_1015,5,126,13,139,False
157,S_1192,6,149,6,155,False
157,S_1271,6,160,7,167,False
158,S_314,1,39,8,47,False
158,S_506,2,63,8,71,False
158,S_698,3,87,8,95,False
158,S_890,4,111,8,119,False
158,S_1082,5,135,8,143,False
158,S_1268,6,159,8,167,False
159,S_122,0,15,8,23,False
159,S_450,2,56,8,64,False
159,S_594,3,74,8,82,False
159,S_842,4,105,8,113,False
159,S_986,5,123,8,131,False
159,S_1263,6,158,8,166,False
160,S_25,0,3,7,10,False
160,S_144,0,18,6,24,False
160,S_224,1,28,6,34,False
160,S_305,1,38,7,45,False
160,S_393,2,49,7,56,False
160,S_480,2,60,6,66,False
160,S_871,4,108,13,121,False
160,S_1031,5,128,13,141,False
160,S_1254,6,156,12,168,False
161,S_55,0,6,13,19,False
161,S_265,1,33,7,40,False
161,S_352,1,44,6,50,False
161,S_439,2,54,13,67,False
161,S_616,3,77,6,83,False
161,S_697,3,87,7,94,False
161,S_800,4,100,6,106,False
161,S_881,4,110,7,117,False
161,S_1000,5,125,6,131,False
161,S_1081,5,135,7,142,False
162,S_224,1,28,6,34,False
162,S_305,1,38,7,45,False
162,S_486,2,60,12,72,False
162,S_616,3,77,6,83,False
162,S_705,3,88,7,95,False
162,S_885,4,110,11,121,False
162,S_1015,5,126,13,139,False
162,S_1176,6,147,6,153,False
162,S_1255,6,157,6,163,False
163,S_254,1,31,12,43,False
163,S_439,2,54,13,67,False
163,S_638,3,79,12,91,False
163,S_830,4,103,12,115,False
163,S_1069,5,133,11,144,False
163,S_1184,6,148,6,154,False
163,S_1261,6,158,6,164,False
164,S_95,0,11,13,24,False
164,S_279,1,34,13,47,False
164,S_439,2,54,13,67,False
164,S_793,4,99,7,106,False
164,S_880,4,110,6,116,False
164,S_1015,5,126,13,139,False
164,S_1239,6,154,13,167,False
165,S_55,0,6,13,19,False
165,S_247,1,30,13,43,False
165,S_631,3,78,13,91,False
165,S_800,4,100,6,106,False
165,S_881,4,110,7,117,False
165,S_999,5,124,13,137,False
165,S_1199,6,149,13,162,False
166,S_71,0,8,13,21,False
166,S_254,1,31,12,43,False
166,S_670,3,83,12,95,False
166,S_830,4,103,12,115,False
166,S_1021,5,127,11,138,False
166,S_1214,6,151,12,163,False
167,S_55,0,6,13,19,False
167,S_279,1,34,13,47,False
167,S_503,2,62,13,75,False
167,S_671,3,83,13,96,False
167,S_855,4,106,13,119,False
167,S_1015,5,126,13,139,False
168,S_295,1,36,13,49,False
168,S_439,2,54,13,67,False
168,S_671,3,83,13,96,False
168,S_855,4,106,13,119,False
168,S_1022,5,127,12,139,False
168,S_1199,6,149,13,162,False
169,S_122,0,15,8,23,False
169,S_314,1,39,8,47,False
169,S_698,3,87,8,95,False
169,S_882,4,110,8,118,False
169,S_1082,5,135,8,143,False
169,S_1268,6,159,8,167,False
170,S_122,0,15,8,23,False
170,S_418,2,52,8,60,False
170,S_698,3,87,8,95,False
170,S_898,4,112,8,120,False
170,S_1002,5,125,8,133,False
170,S_1268,6,159,8,167,False
171,S_55,0,6,13,19,False
171,S_287,1,35,13,48,False
171,S_503,2,62,13,75,False
171,S_823,4,102,13,115,False
171,S_960,5,120,6,126,False
171,S_1057,5,132,7,139,False
171,S_1207,6,150,13,163,False
172,S_248,1,31,6,37,False
172,S_329,1,41,7,48,False
172,S_424,2,53,6,59,False
172,S_513,2,64,7,71,False
172,S_663,3,82,13,95,False
172,S_823,4,102,13,115,False
172,S_977,5,122,7,129,False
172,S_1064,5,133,6,139,False
172,S_1169,6,146,7,153,False
172,S_1255,6,157,6,163,False
173,S_311,1,38,13,51,False
173,S_503,2,62,13,75,False
173,S_671,3,83,13,96,False
173,S_823,4,102,13,115,False
173,S_1023,5,127,13,140,False
173,S_1184,6,148,6,154,False
173,S_1274,6,161,7,168,False
174,S_287,1,35,13,48,False
174,S_455,2,56,13,69,False
174,S_631,3,78,13,91,False
174,S_784,4,98,6,104,False
174,S_865,4,108,7,115,False
174,S_1023,5,127,13,140,False
174,S_1207,6,150,13,163,False
175,S_55,0,6,13,19,False
175,S_254,1,31,12,43,False
175,S_446,2,55,12,67,False
175,S_870,4,108,12,120,False
175,S_1022,5,127,12,139,False
175,S_1214,6,151,12,163,False
176,S_114,0,14,8,22,False
176,S_442,2,55,8,63,False
176,S_666,3,83,8,91,False
176,S_826,4,103,8,111,False
176,S_1018,5,127,8,135,False
176,S_1272,6,160,8,168,False
177,S_122,0,15,8,23,False
177,S_282,1,35,8,43,False
177,S_698,3,87,8,95,False
177,S_898,4,112,8,120,False
177,S_1090,5,136,8,144,False
177,S_1268,6,159,8,167,False
178,S_55,0,6,13,19,False
178,S_217,1,27,7,34,False
178,S_304,1,38,6,44,False
178,S_616,3,77,6,83,False
178,S_697,3,87,7,94,False
178,S_823,4,102,13,115,False
178,S_977,5,122,7,129,False
178,S_1064,5,133,6,139,False
178,S_1207,6,150,13,163,False
179,S_55,0,6,13,19,False
179,S_247,1,30,13,43,False
179,S_488,2,61,6,67,False
179,S_569,2,71,7,78,False
179,S_671,3,83,13,96,False
179,S_808,4,101,6,107,False
179,S_889,4,111,7,118,False
179,S_1015,5,126,13,139,False
180,S_247,1,30,13,43,False
180,S_439,2,54,13,67,False
180,S_695,3,86,13,99,False
180,S_847,4,105,13,118,False
180,S_1000,5,125,6,131,False
180,S_1089,5,136,7,143,False
180,S_1207,6,150,13,163,False
181,S_55,0,6,13,19,False
181,S_503,2,62,13,75,False
181,S_663,3,82,13,95,False
181,S_847,4,105,13,118,False
181,S_1015,5,126,13,139,False
181,S_1239,6,154,13,167,False
182,S_56,0,7,6,13,False
182,S_137,0,17,7,24,False
182,S_247,1,30,13,43,False
182,S_479,2,59,13,72,False
182,S_768,4,96,6,102,False
182,S_865,4,108,7,115,False
182,S_993,5,124,7,131,False
182,S_1120,5,140,6,146,False
182,S_1247,6,155,13,168,False
183,S_55,0,6,13,19,False
183,S_455,2,56,13,69,False
183,S_616,3,77,6,83,False
183,S_697,3,87,7,94,False
183,S_823,4,102,13,115,False
183,S_1047,5,130,13,143,False
183,S_1207,6,150,13,163,False
184,S_55,0,6,13,19,False
184,S_254,1,31,12,43,False
184,S_439,2,54,13,67,False
184,S_823,4,102,13,115,False
184,S_1047,5,130,13,143,False
184,S_1214,6,151,12,163,False
185,S_55,0,6,13,19,False
185,S_233,1,29,7,36,False
185,S_328,1,41,6,47,False
185,S_471,2,58,13,71,False
185,S_823,4,102,13,115,False
185,S_1000,5,125,6,131,False
185,S_1089,5,136,7,143,False
185,S_1207,6,150,13,163,False
186,S_162,0,20,8,28,False
186,S_354,1,44,8,52,False
186,S_738,3,92,8,100,False
186,S_938,4,117,8,125,False
186,S_1122,5,140,8,148,False
186,S_1218,6,152,8,160,False
187,S_122,0,15,8,23,False
187,S_554,2,69,8,77,False
187,S_698,3,87,8,95,False
187,S_882,4,110,8,118,False
187,S_1050,5,131,8,139,False
187,S_1272,6,160,8,168,False
188,S_73,0,9,7,16,False
188,S_160,0,20,6,26,False
188,S_254,1,31,12,43,False
188,S_631,3,78,13,91,False
188,S_870,4,108,12,120,False
188,S_1022,5,127,12,139,False
188,S_1214,6,151,12,163,False
189,S_55,0,6,13,19,False
189,S_446,2,55,12,67,False
189,S_631,3,78,13,91,False
189,S_808,4,101,6,107,False
189,S_889,4,111,7,118,False
189,S_1015,5,126,13,139,False
189,S_1214,6,151,12,163,False
190,S_0,0,0,6,6,False
190,S_113,0,14,7,21,False
190,S_425,2,53,7,60,False
190,S_528,2,66,6,72,False
190,S_672,3,84,6,90,False
190,S_752,3,94,6,100,False
190,S_887,4,110,13,123,False
190,S_1022,5,127,12,139,False
190,S_1152,6,144,6,150,False
190,S_1255,6,157,6,163,False
191,S_95,0,11,13,24,False
191,S_287,1,35,13,48,False
191,S_471,2,58,13,71,False
191,S_639,3,79,13,92,False
191,S_823,4,102,13,115,False
191,S_1015,5,126,13,139,False
192,S_192,1,24,6,30,False
192,S_329,1,41,7,48,False
192,S_439,2,54,13,67,False
192,S_639,3,79,13,92,False
192,S_808,4,101,6,107,False
192,S_889,4,111,7,118,False
192,S_1055,5,131,13,144,False
192,S_1207,6,150,13,163,False
193,S_40,0,5,6,11,False
193,S_129,0,16,7,23,False
193,S_439,2,54,13,67,False
193,S_695,3,86,13,99,False
193,S_847,4,105,13,118,False
193,S_1000,5,125,6,131,False
193,S_1089,5,136,7,143,False
193,S_1247,6,155,13,168,False
194,S_40,0,5,6,11,False
194,S_129,0,16,7,23,False
194,S_247,1,30,13,43,False
194,S_455,2,56,13,69,False
194,S_639,3,79,13,92,False
194,S_823,4,102,13,115,False
194,S_1016,5,127,6,133,False
194,S_1097,5,137,7,144,False
195,S_95,0,11,13,24,False
195,S_471,2,58,13,71,False
195,S_601,3,75,7,82,False
195,S_688,3,86,6,92,False
195,S_823,4,102,13,115,False
195,S_1015,5,126,13,139,False
195,S_1192,6,149,6,155,False
195,S_1271,6,160,7,167,False
196,S_122,0,15,8,23,False
196,S_314,1,39,8,47,False
196,S_698,3,87,8,95,False
196,S_898,4,112,8,120,False
196,S_1082,5,135,8,143,False
196,S_1268,6,159,8,167,False
197,S_2,0,0,8,8,False
197,S_506,2,63,8,71,False
197,S_618,3,77,8,85,False
197,S_866,4,108,8,116,False
197,S_1082,5,135,8,143,False
197,S_1186,6,148,8,156,False
198,S_254,1,31,12,43,False
198,S_401,2,50,7,57,False
198,S_488,2,61,6,67,False
198,S_671,3,83,13,96,False
198,S_847,4,105,13,118,False
198,S_1047,5,130,13,143,False
198,S_1214,6,151,12,163,False
199,S_279,1,34,13,47,False
199,S_425,2,53,7,60,False
199,S_528,2,66,6,72,False
199,S_632,3,79,6,85,False
199,S_713,3,89,7,96,False
199,S_863,4,107,13,120,False
199,S_1063,5,132,13,145,False
199,S_1231,6,153,13,166,False
200,S_55,0,6,13,19,False
200,S_311,1,38,13,51,False
200,S_671,3,83,13,96,False
200,S_871,4,108,13,121,False
200,S_1047,5,130,13,143,False
200,S_1247,6,155,13,168,False
201,S_66,0,8,8,16,False
201,S_226,1,28,8,36,False
201,S_506,2,63,8,71,False
201,S_794,4,99,8,107,False
201,S_1074,5,134,8,142,False
201,S_1268,6,159,8,167,False
202,S_122,0,15,8,23,False
202,S_314,1,39,8,47,False
202,S_698,3,87,8,95,False
202,S_898,4,112,8,120,False
202,S_1082,5,135,8,143,False
202,S_1268,6,159,8,167,False
203,S_73,0,9,7,16,False
203,S_160,0,20,6,26,False
203,S_247,1,30,13,43,False
203,S_439,2,54,13,67,False
203,S_631,3,78,13,91,False
203,S_823,4,102,13,115,False
203,S_977,5,122,7,129,False
203,S_1064,5,133,6,139,False
204,S_232,1,29,6,35,False
204,S_329,1,41,7,48,False
204,S_439,2,54,13,67,False
204,S_616,3,77,6,83,False
204,S_697,3,87,7,94,False
204,S_823,4,102,13,115,False
204,S_1015,5,126,13,139,False
204,S_1214,6,151,12,163,False
205,S_55,0,6,13,19,False
205,S_408,2,51,6,57,False
205,S_513,2,64,7,71,False
205,S_601,3,75,7,82,False
205,S_688,3,86,6,92,False
205,S_823,4,102,13,115,False
205,S_1016,5,127,6,133,False
205,S_1097,5,137,7,144,False
205,S_1207,6,150,13,163,False
206,S_217,1,27,7,34,False
206,S_304,1,38,6,44,False
206,S_416,2,52,6,58,False
206,S_513,2,64,7,71,False
206,S_631,3,78,13,91,False
206,S_808,4,101,6,107,False
206,S_889,4,111,7,118,False
206,S_1016,5,127,6,133,False
206,S_1097,5,137,7,144,False
206,S_1207,6,150,13,163,False
207,S_95,0,11,13,24,False
207,S_295,1,36,13,49,False
207,S_439,2,54,13,67,False
207,S_663,3,82,13,95,False
207,S_823,4,102,13,115,False
207,S_1015,5,126,13,139,False
208,S_55,0,6,13,19,False
208,S_247,1,30,13,43,False
208,S_631,3,78,13,91,False
208,S_808,4,101,6,107,False
208,S_889,4,111,7,118,False
208,S_1016,5,127,6,133,False
208,S_1097,5,137,7,144,False
208,S_1192,6,149,6,155,False
208,S_1271,6,160,7,167,False
209,S_90,0,11,8,19,False
209,S_402,2,50,8,58,False
209,S_698,3,87,8,95,False
209,S_802,4,100,8,108,False
209,S_1050,5,131,8,139,False
209,S_1178,6,147,8,155,False
210,S_34,0,4,8,12,False
210,S_402,2,50,8,58,False
210,S_690,3,86,8,94,False
210,S_898,4,112,8,120,False
210,S_994,5,124,8,132,False
210,S_1268,6,159,8,167,False
211,S_178,0,22,8,30,False
211,S_314,1,39,8,47,False
211,S_562,2,70,8,78,False
211,S_890,4,111,8,119,False
211,S_1082,5,135,8,143,False
211,S_1226,6,153,8,161,False
212,S_232,1,29,6,35,False
212,S_313,1,39,7,46,False
212,S_453,2,56,11,67,False
212,S_663,3,82,13,95,False
212,S_872,4,109,6,115,False
212,S_953,4,119,7,126,False
212,S_1077,5,134,11,145,False
212,S_1247,6,155,13,168,False
213,S_71,0,8,13,21,False
213,S_409,2,51,7,58,False
213,S_496,2,62,6,68,False
213,S_695,3,86,13,99,False
213,S_847,4,105,13,118,False
213,S_1015,5,126,13,139,False
213,S_1177,6,147,7,154,False
213,S_1261,6,158,6,164,False
214,S_71,0,8,13,21,False
214,S_311,1,38,13,51,False
214,S_616,3,77,6,83,False
214,S_713,3,89,7,96,False
214,S_823,4,102,13,115,False
214,S_1015,5,126,13,139,False
214,S_1207,6,150,13,163,False
215,S_17,0,2,7,9,False
215,S_112,0,14,6,20,False
215,S_247,1,30,13,43,False
215,S_457,2,57,7,64,False
215,S_552,2,69,6,75,False
215,S_632,3,79,6,85,False
215,S_713,3,89,7,96,False
215,S_823,4,102,13,115,False
215,S_1001,5,125,7,132,False
215,S_1120,5,140,6,146,False
216,S_55,0,6,13,19,False
216,S_247,1,30,13,43,False
216,S_641,3,80,7,87,False
216,S_736,3,92,6,98,False
216,S_841,4,105,7,112,False
216,S_936,4,117,6,123,False
216,S_1031,5,128,13,141,False
216,S_1239,6,154,13,167,False
217,S_0,0,0,6,6,False
217,S_104,0,13,6,19,False
217,S_311,1,38,13,51,False
217,S_671,3,83,13,96,False
217,S_823,4,102,13,115,False
217,S_1015,5,126,13,139,False
217,S_1177,6,147,7,154,False
217,S_1261,6,158,6,164,False
218,S_55,0,6,13,19,False
218,S_217,1,27,7,34,False
218,S_304,1,38,6,44,False
218,S_431,2,53,13,66,False
218,S_616,3,77,6,83,False
218,S_697,3,87,7,94,False
218,S_872,4,109,6,115,False
218,S_953,4,119,7,126,False
218,S_1079,5,134,13,147,False
219,S_103,0,12,13,25,False
219,S_503,2,62,13,75,False
219,S_671,3,83,13,96,False
219,S_815,4,101,13,114,False
219,S_1047,5,130,13,143,False
219,S_1177,6,147,7,154,False
219,S_1261,6,158,6,164,False
220,S_263,1,32,13,45,False
220,S_503,2,62,13,75,False
220,S_695,3,86,13,99,False
220,S_855,4,106,13,119,False
220,S_1015,5,126,13,139,False
220,S_1177,6,147,7,154,False
220,S_1261,6,158,6,164,False
221,S_218,1,27,8,35,False
221,S_402,2,50,8,58,False
221,S_602,3,75,8,83,False
221,S_858,4,107,8,115,False
221,S_1042,5,130,8,138,False
221,S_1272,6,160,8,168,False
222,S_130,0,16,8,24,False
222,S_514,2,64,8,72,False
222,S_706,3,88,8,96,False
222,S_898,4,112,8,120,False
222,S_994,5,124,8,132,False
222,S_1242,6,155,8,163,False
223,S_0,0,0,6,6,False
223,S_129,0,16,7,23,False
223,S_217,1,27,7,34,False
223,S_304,1,38,6,44,False
223,S_457,2,57,7,64,False
223,S_552,2,69,6,75,False
223,S_809,4,101,7,108,False
223,S_912,4,114,6,120,False
223,S_1016,5,127,6,133,False
223,S_1097,5,137,7,144,False
223,S_1192,6,149,6,155,False
223,S_1274,6,161,7,168,False
224,S_55,0,6,13,19,False
224,S_247,1,30,13,43,False
224,S_431,2,53,13,66,False
224,S_593,3,74,7,81,False
224,S_680,3,85,6,91,False
224,S_823,4,102,13,115,False
224,S_1079,5,134,13,147,False
225,S_0,0,0,6,6,False
225,S_129,0,16,7,23,False
225,S_216,1,27,6,33,False
225,S_313,1,39,7,46,False
225,S_401,2,50,7,57,False
225,S_496,2,62,6,68,False
225,S_656,3,82,6,88,False
225,S_745,3,93,7,100,False
225,S_841,4,105,7,112,False
225,S_936,4,117,6,123,False
225,S_1016,5,127,6,133,False
225,S_1097,5,137,7,144,False
226,S_47,0,5,13,18,False
226,S_311,1,38,13,51,False
226,S_616,3,77,6,83,False
226,S_745,3,93,7,100,False
226,S_841,4,105,7,112,False
226,S_944,4,118,6,124,False
226,S_1079,5,134,13,147,False
226,S_1247,6,155,13,168,False
227,S_119,0,14,13,27,False
227,S_319,1,39,13,52,False
227,S_463,2,57,13,70,False
227,S_776,4,97,6,103,False
227,S_897,4,112,7,119,False
227,S_1079,5,134,13,147,False
227,S_1247,6,155,13,168,False
228,S_7,0,0,13,13,False
228,S_503,2,62,13,75,False
228,S_663,3,82,13,95,False
228,S_823,4,102,13,115,False
228,S_1015,5,126,13,139,False
228,S_1239,6,154,13,167,False
229,S_223,1,27,13,40,False
229,S_503,2,62,13,75,False
229,S_671,3,83,13,96,False
229,S_815,4,101,13,114,False
229,S_1079,5,134,13,147,False
229,S_1208,6,151,6,157,False
229,S_1274,6,161,7,168,False
230,S_314,1,39,8,47,False
230,S_522,2,65,8,73,False
230,S_666,3,83,8,91,False
230,S_898,4,112,8,120,False
230,S_1090,5,136,8,144,False
230,S_1226,6,153,8,161,False
231,S_138,0,17,8,25,False
231,S_370,1,46,8,54,False
231,S_754,3,94,8,102,False
231,S_946,4,118,8,126,False
231,S_1122,5,140,8,148,False
231,S_1272,6,160,8,168,False
232,S_55,0,6,13,19,False
232,S_279,1,34,13,47,False
232,S_608,3,76,6,82,False
232,S_688,3,86,6,92,False
232,S_823,4,102,13,115,False
232,S_1079,5,134,13,147,False
232,S_1247,6,155,13,168,False
233,S_119,0,14,13,27,False
233,S_279,1,34,13,47,False
233,S_593,3,74,7,81,False
233,S_680,3,85,6,91,False
233,S_793,4,99,7,106,False
233,S_880,4,110,6,116,False
233,S_968,5,121,6,127,False
233,S_1073,5,134,7,141,False
233,S_1207,6,150,13,163,False
234,S_0,0,0,6,6,False
234,S_89,0,11,7,18,False
234,S_272,1,34,6,40,False
234,S_361,1,45,7,52,False
234,S_601,3,75,7,82,False
234,S_688,3,86,6,92,False
234,S_823,4,102,13,115,False
234,S_1015,5,126,13,139,False
234,S_1247,6,155,13,168,False
235,S_273,1,34,7,41,False
235,S_360,1,45,6,51,False
235,S_471,2,58,13,71,False
235,S_680,3,85,6,91,False
235,S_761,3,95,7,102,False
235,S_887,4,110,13,123,False
235,S_1079,5,134,13,147,False
235,S_1247,6,155,13,168,False
236,S_170,0,21,8,29,False
236,S_370,1,46,8,54,False
236,S_754,3,94,8,102,False
236,S_946,4,118,8,126,False
236,S_1050,5,131,8,139,False
236,S_1272,6,160,8,168,False
237,S_2,0,0,8,8,False
237,S_450,2,56,8,64,False
237,S_642,3,80,8,88,False
237,S_882,4,110,8,118,False
237,S_1034,5,129,8,137,False
237,S_1226,6,153,8,161,False
238,S_258,1,32,8,40,False
238,S_562,2,70,8,78,False
238,S_666,3,83,8,91,False
238,S_842,4,105,8,113,False
238,S_1034,5,129,8,137,False
238,S_1268,6,159,8,167,False
239,S_119,0,14,13,27,False
239,S_287,1,35,13,48,False
239,S_503,2,62,13,75,False
239,S_640,3,80,6,86,False
239,S_745,3,93,7,100,False
239,S_863,4,107,13,120,False
239,S_1015,5,126,13,139,False
240,S_71,0,8,13,21,False
240,S_409,2,51,7,58,False
240,S_496,2,62,6,68,False
240,S_616,3,77,6,83,False
240,S_712,3,89,6,95,False
240,S_793,4,99,7,106,False
240,S_880,4,110,6,116,False
240,S_1015,5,126,13,139,False
240,S_1177,6,147,7,154,False
240,S_1261,6,158,6,164,False
241,S_95,0,11,13,24,False
241,S_503,2,62,13,75,False
241,S_656,3,82,6,88,False
241,S_745,3,93,7,100,False
241,S_863,4,107,13,120,False
241,S_1015,5,126,13,139,False
241,S_1177,6,147,7,154,False
241,S_1261,6,158,6,164,False
242,S_119,0,14,13,27,False
242,S_367,1,45,13,58,False
242,S_631,3,78,13,91,False
242,S_776,4,97,6,103,False
242,S_897,4,112,7,119,False
242,S_1015,5,126,13,139,False
242,S_1199,6,149,13,162,False
243,S_0,0,0,6,6,False
243,S_81,0,10,7,17,False
243,S_287,1,35,13,48,False
243,S_503,2,62,13,75,False
243,S_695,3,86,13,99,False
243,S_841,4,105,7,112,False
243,S_936,4,117,6,123,False
243,S_1079,5,134,13,147,False
244,S_119,0,14,13,27,False
244,S_431,2,53,13,66,False
244,S_703,3,87,13,100,False
244,S_855,4,106,13,119,False
244,S_1015,5,126,13,139,False
244,S_1177,6,147,7,154,False
244,S_1261,6,158,6,164,False
245,S_55,0,6,13,19,False
245,S_231,1,28,13,41,False
245,S_431,2,53,13,66,False
245,S_887,4,110,13,123,False
245,S_1079,5,134,13,147,False
245,S_1247,6,155,13,168,False
246,S_119,0,14,13,27,False
246,S_311,1,38,13,51,False
246,S_471,2,58,13,71,False
246,S_793,4,99,7,106,False
246,S_880,4,110,6,116,False
246,S_977,5,122,7,129,False
246,S_1064,5,133,6,139,False
246,S_1207,6,150,13,163,False
247,S_0,0,0,6,6,False
247,S_176,0,22,6,28,False
247,S_279,1,34,13,47,False
247,S_431,2,53,13,66,False
247,S_601,3,75,7,82,False
247,S_688,3,86,6,92,False
247,S_823,4,102,13,115,False
247,S_1015,5,126,13,139,False
248,S_170,0,21,8,29,False
248,S_522,2,65,8,73,False
248,S_738,3,92,8,100,False
248,S_946,4,118,8,126,False
248,S_1050,5,131,8,139,False
248,S_1226,6,153,8,161,False
249,S_170,0,21,8,29,False
249,S_370,1,46,8,54,False
249,S_642,3,80,8,88,False
249,S_898,4,112,8,120,False
249,S_1130,5,141,8,149,False
249,S_1272,6,160,8,168,False
250,S_247,1,30,13,43,False
250,S_503,2,62,13,75,False
250,S_671,3,83,13,96,False
250,S_823,4,102,13,115,False
250,S_968,5,121,6,127,False
250,S_1105,5,138,7,145,False
250,S_1207,6,150,13,163,False
251,S_0,0,0,6,6,False
251,S_81,0,10,7,17,False
251,S_287,1,35,13,48,False
251,S_439,2,54,13,67,False
251,S_776,4,97,6,103,False
251,S_897,4,112,7,119,False
251,S_1015,5,126,13,139,False
251,S_1177,6,147,7,154,False
251,S_1261,6,158,6,164,False
252,S_217,1,27,7,34,False
252,S_304,1,38,6,44,False
252,S_479,2,59,13,72,False
252,S_616,3,77,6,83,False
252,S_697,3,87,7,94,False
252,S_809,4,101,7,108,False
252,S_912,4,114,6,120,False
252,S_1001,5,125,7,132,False
252,S_1120,5,140,6,146,False
252,S_1208,6,151,6,157,False
252,S_1274,6,161,7,168,False
253,S_55,0,6,13,19,False
253,S_263,1,32,13,45,False
253,S_439,2,54,13,67,False
253,S_671,3,83,13,96,False
253,S_872,4,109,6,115,False
253,S_953,4,119,7,126,False
253,S_1079,5,134,13,147,False
254,S_55,0,6,13,19,False
254,S_279,1,34,13,47,False
254,S_471,2,58,13,71,False
254,S_601,3,75,7,82,False
254,S_688,3,86,6,92,False
254,S_872,4,109,6,115,False
254,S_953,4,119,7,126,False
254,S_1079,5,134,13,147,False
255,S_0,0,0,6,6,False
255,S_81,0,10,7,17,False
255,S_439,2,54,13,67,False
255,S_663,3,82,13,95,False
255,S_823,4,102,13,115,False
255,S_977,5,122,7,129,False
255,S_1064,5,133,6,139,False
255,S_1177,6,147,7,154,False
255,S_1261,6,158,6,164,False
256,S_103,0,12,13,25,False
256,S_471,2,58,13,71,False
256,S_680,3,85,6,91,False
256,S_761,3,95,7,102,False
256,S_855,4,106,13,119,False
256,S_1015,5,126,13,139,False
256,S_1177,6,147,7,154,False
256,S_1261,6,158,6,164,False
257,S_217,1,27,7,34,False
257,S_304,1,38,6,44,False
257,S_455,2,56,13,69,False
257,S_663,3,82,13,95,False
257,S_793,4,99,7,106,False
257,S_880,4,110,6,116,False
257,S_977,5,122,7,129,False
257,S_1064,5,133,6,139,False
257,S_1199,6,149,13,162,False
258,S_55,0,6,13,19,False
258,S_231,1,28,13,41,False
258,S_601,3,75,7,82,False
258,S_688,3,86,6,92,False
258,S_793,4,99,7,106,False
258,S_880,4,110,6,116,False
258,S_968,5,121,6,127,False
258,S_1064,5,133,6,139,False
258,S_1207,6,150,13,163,False
259,S_55,0,6,13,19,False
259,S_287,1,35,13,48,False
259,S_503,2,62,13,75,False
259,S_823,4,102,13,115,False
259,S_1015,5,126,13,139,False
259,S_1207,6,150,13,163,False
260,S_55,0,6,13,19,False
260,S_471,2,58,13,71,False
260,S_601,3,75,7,82,False
260,S_688,3,86,6,92,False
260,S_793,4,99,7,106,False
260,S_880,4,110,6,116,False
260,S_977,5,122,7,129,False
260,S_1064,5,133,6,139,False
260,S_1207,6,150,13,163,False
